name,population,elevation,country,longitude,latitude
Shanghai,22315474,12,CN,121.45806,31.22222
Beijing,18960744,49,CN,116.39723,39.9075
Shenzhen,17494398,4,CN,114.0683,22.54554
Guangzhou,16096724,15,CN,113.25,23.11667
Lagos,15388000,11,NG,3.39467,6.45407
Istanbul,14804116,39,TR,28.94966,41.01384
Chengdu,13568357,499,CN,104.06667,30.66667
Buenos Aires,13076300,31,AR,-58.37723,-34.61315
Mumbai,12691836,8,IN,72.88261,19.07283
Mexico City,12294193,2240,MX,-99.12766,19.42847
Karachi,11624219,8,PK,67.0104,24.8608
Tianjin,11090314,11,CN,117.17667,39.14222
Delhi,10927986,227,IN,77.23149,28.65195
Wuhan,10392693,20,CN,114.26667,30.58333
Moscow,10381222,144,RU,37.61556,55.75222
Dhaka,10356500,23,BD,90.40744,23.7104
Seoul,10349312,38,KR,126.9784,37.566
São Paulo,10021295,769,BR,-46.63611,-23.5475
Dongguan,9644871,1,CN,113.74866,23.01797
Cairo,9606916,23,EG,31.24967,30.06263
Xi’an,9600000,416,CN,108.92861,34.25833
Nanjing,9314685,22,CN,118.77778,32.06167
Hangzhou,9236032,12,CN,120.16142,30.29365
Foshan,9042509,5,CN,113.13148,23.02677
Ho Chi Minh City,8993082,7,VN,106.62965,10.82302
London,8961989,25,GB,-0.12574,51.50853
New York City,8804190,10,US,-74.00597,40.71427
Jakarta,8540121,16,ID,106.84513,-6.21462
Bengaluru,8443675,920,IN,77.59369,12.97194
Tokyo,8336599,44,JP,139.69171,35.6895
Hanoi,8053663,10,VN,105.84117,21.0245
Taipei,7871900,10,TW,121.53185,25.04776
Kinshasa,7785965,281,CD,15.31357,-4.32758
Lima,7737002,152,PE,-77.02824,-12.04318
Bogotá,7674366,2582,CO,-74.08175,4.60971
Hong Kong,7482500,60,HK,114.17469,22.27832
Chongqing,7457599,289,CN,106.55771,29.56026
Baghdad,7216000,41,IQ,44.40088,33.34058
Qingdao,7172451,16,CN,120.38042,36.06488
Tehran,7153309,1178,IR,51.42151,35.69439
Shenyang,7050000,53,CN,123.43278,41.79222
Hyderābād,6809970,515,IN,78.45636,17.38405
Suzhou,6715559,10,CN,120.59538,31.30408
Ahmedabad,6357693,56,IN,72.58727,23.02579
Lahore,6310888,216,PK,74.35071,31.558
Rio de Janeiro,6023699,12,BR,-43.18223,-22.90642
Singapore,5638700,23,SG,103.85007,1.28967
Johannesburg,5635127,1767,ZA,28.04363,-26.20227
Saint Petersburg,5351935,11,RU,30.31413,59.93863
Alexandria,5263542,9,EG,29.91582,31.20176
Harbin,5242897,140,CN,126.65,45.75
Bangkok,5104476,12,TH,100.50144,13.75398
Hefei,5050000,24,CN,117.28083,31.86389
Dalian,4913879,33,CN,121.60222,38.91222
Santiago,4837295,556,CL,-70.64827,-33.45694
Changchun,4714996,206,CN,125.32278,43.88
Cape Town,4710000,25,ZA,18.42322,-33.92584
Jeddah,4697000,7,SA,39.18624,21.49012
Chennai,4681087,14,IN,80.27847,13.08784
Kolkata,4631392,11,IN,88.36304,22.56263
Sydney,4627345,58,AU,151.20732,-33.86785
Xiamen,4617251,12,CN,118.08187,24.47979
Surat,4591246,20,IN,72.83023,21.19594
Yangon,4477638,30,MM,96.15611,16.80528
Kabul,4434550,1798,AF,69.17233,34.52813
Wuxi,4396835,10,CN,120.28857,31.56887
Giza,4367343,19,EG,31.20861,30.00944
Jinan,4335989,32,CN,116.99722,36.66833
Taiyuan,4303673,795,CN,112.56028,37.86944
Zhengzhou,4253913,104,CN,113.64861,34.75778
Melbourne,4246375,25,AU,144.96332,-37.814
Riyadh,4205961,612,SA,46.72185,24.68773
Kano,4103000,484,NG,8.51672,12.00012
Shijiazhuang,3938513,77,CN,114.47861,38.04139
Chattogram,3920222,15,BD,91.83168,22.3384
Los Angeles,3898747,89,US,-118.24368,34.05223
Kunming,3855346,1895,CN,102.71833,25.03889
Zhongshan,3841873,9,CN,113.37912,22.52306
Nanning,3839800,91,CN,108.31667,22.81667
Shantou,3838900,17,CN,116.71479,23.36814
Yokohama,3761630,21,JP,139.65,35.43333
Fuzhou,3740000,14,CN,119.30611,26.06139
Ningbo,3731203,15,CN,121.54945,29.87819
Busan,3678555,15,KR,129.03004,35.10168
Abidjan,3677115,50,CI,-4.00167,5.35444
Ibadan,3649000,181,NG,3.90591,7.37756
Puyang,3590000,76,CN,119.88872,29.45679
Ankara,3517182,850,TR,32.85427,39.91987
Dubai,3478300,24,AE,55.30927,25.07725
Shiyan,3460000,247,CN,110.77806,32.6475
Berlin,3426354,74,DE,13.41053,52.52437
Tangshan,3372102,36,CN,118.18333,39.63333
Changzhou,3290918,9,CN,119.95401,31.77359
Madrid,3255944,665,ES,-3.70256,40.4165
Pyongyang,3222000,43,KP,125.75432,39.03385
Casablanca,3144909,27,MA,-7.61138,33.58831
Zibo,3129228,51,CN,118.06333,36.79056
Pune,3124458,554,IN,73.85535,18.51957
Durban,3120282,21,ZA,31.0292,-29.8579
Changsha,3093980,67,CN,112.97087,28.19874
Guiyang,3037159,1087,CN,106.71667,26.58333
Ürümqi,3029372,862,CN,87.60046,43.80096
Lanzhou,3000000,1521,CN,103.83987,36.05701
Caracas,3000000,887,VE,-66.87919,10.48801
Incheon,2954955,43,KR,126.70515,37.45646
Huizhou,2900113,25,CN,114.41523,23.11147
Surabaya,2874314,8,ID,112.75083,-7.24917
Haikou,2873358,14,CN,110.34167,20.04583
Kanpur,2823249,137,IN,80.34975,26.46523
Kyiv,2797553,187,UA,30.5238,50.45466
Quito,2781641,2854,EC,-78.52495,-0.22985
Luanda,2776168,73,AO,13.23432,-8.83682
Quezon City,2761720,49,PH,121.0509,14.6488
Addis Ababa,2757729,2405,ET,38.74689,9.02497
Osaka,2753862,24,JP,135.50218,34.69374
Nairobi,2750547,1684,KE,36.81667,-1.28333
Chicago,2746388,179,US,-87.65005,41.85003
Linyi,2743843,69,CN,118.34278,35.06306
Baoding,2739887,17,CN,115.49028,38.85111
Brooklyn,2736074,15,US,-73.94958,40.6501
Guayaquil,2723665,14,EC,-79.88621,-2.19616
Salvador,2711840,10,BR,-38.51083,-12.97111
Jaipur,2711758,435,IN,75.78781,26.91962
Dar es Salaam,2698652,24,TZ,39.26951,-6.82349
Wenzhou,2650000,10,CN,120.66682,27.99942
Yunfu,2612800,67,CN,112.03809,22.92787
Navi Mumbai,2600000,14,IN,73.01582,19.03681
Toronto,2600000,175,CA,-79.4163,43.70011
Basrah,2600000,4,IQ,47.7804,30.50852
Mogadishu,2587183,12,SO,45.34375,2.03711
Daegu,2566540,45,KR,128.59111,35.87028
Bekasi,2564940,18,ID,106.9896,-6.2349
Faisalabad,2506595,186,PK,73.08969,31.41554
İzmir,2500603,122,TR,27.13838,38.41273
Huai'an,2494013,14,CN,119.01917,33.58861
Dakar,2476400,12,SN,-17.44406,14.6937
Lucknow,2472011,126,IN,80.92313,26.83928
Bandung,2444160,714,ID,107.60694,-6.92222
Medan,2435252,26,ID,98.66667,3.58333
Fortaleza,2400000,18,BR,-38.54306,-3.71722
Cali,2392877,967,CO,-76.5225,3.43722
Belo Horizonte,2373224,888,BR,-43.93778,-19.92083
Nanchang,2357839,20,CN,115.85306,28.68396
Hohhot,2350000,1051,CN,111.65222,40.81056
Rome,2318895,20,IT,12.51133,41.89193
Mashhad,2307177,980,IR,59.60567,36.29807
Houston,2304580,12,US,-95.36327,29.76328
Kowloon,2303100,92,HK,114.18333,22.31667
Shaoxing,2300000,21,CN,120.57864,30.00237
Nantong,2273326,6,CN,120.87472,32.03028
Queens,2272771,12,US,-73.83652,40.68149
Nagpur,2228018,319,IN,79.08491,21.14631
Yantai,2227733,22,CN,121.44081,37.47649
Maracaibo,2225000,40,VE,-71.61245,10.66663
Brasília,2207718,1136,BR,-47.92972,-15.77972
Zhuhai,2207090,35,CN,113.56778,22.27694
Santo Domingo,2201941,24,DO,-69.89232,18.47186
Nagoya,2191279,23,JP,136.90641,35.18147
Brisbane,2189878,27,AU,153.02809,-27.46794
Havana,2163824,41,CU,-82.38304,23.13302
Baotou,2150000,1064,CN,109.84389,40.6516
Paris,2138551,42,FR,2.3488,48.85341
Coimbatore,2136916,411,IN,76.96612,11.00555
Kunshan,2092496,10,CN,120.95431,31.37762
Al Mawşil al Jadīdah,2065597,239,IQ,43.10555,36.33271
Depok,2056400,92,ID,106.81861,-6.4
Weifang,2044028,30,CN,119.10194,36.71
Zunyi,2037775,867,CN,106.90722,27.68667
Al Başrah al Qadīmah,2015483,7,IQ,47.81507,30.50316
La Paz,2004652,3782,BO,-68.15,-16.5
Lianyungang,2001009,1,CN,119.21556,34.59845
Medellín,1999979,1405,CO,-75.56359,6.25184
Tashkent,1978028,424,UZ,69.21627,41.26465
Algiers,1977663,113,DZ,3.08746,36.73225
Ganzhou,1977253,117,CN,114.9326,25.84664
Almaty,1977011,805,KZ,76.91667,43.25
Khartoum,1974647,381,SD,32.53241,15.55177
Sapporo,1973832,26,JP,141.35,43.06667
Accra,1963264,33,GH,-0.1969,5.55602
Ordos,1940653,2149,CN,109.78157,39.6086
Sanaa,1937451,2253,YE,44.20667,15.35472
Beirut,1916100,40,LB,35.50157,33.89332
Tangerang,1911914,18,ID,106.63,-6.17806
Jieyang,1899394,7,CN,116.36581,23.5418
Perth,1896548,34,AU,115.8614,-31.95224
Jilin,1895865,196,CN,126.56028,43.85083
Bucharest,1877155,83,RO,26.10626,44.43225
Camayenne,1871242,6,GN,-13.68778,9.535
Kakamega,1867579,1563,KE,34.75229,0.28422
Port Harcourt,1865000,16,NG,7.0134,4.77742
Nanchong,1858875,287,CN,106.08473,30.79508
Datong,1850000,1054,CN,113.29139,40.09361
Hamburg,1845229,9,DE,9.99302,53.55073
Indore,1837041,550,IN,75.8333,22.71792
Santa Cruz de la Sierra,1831434,433,BO,-63.18117,-17.78629
Vadodara,1822221,46,IN,73.20812,22.29941
Iztapalapa,1815786,2238,MX,-99.06224,19.35529
Nanyang,1811812,131,CN,112.53278,32.99472
Jiangmen,1795459,11,CN,113.08333,22.58333
Benin City,1782000,88,NG,5.62575,6.33815
Jiangyin,1779515,7,CN,120.26302,31.91102
Davao,1776949,13,PH,125.61278,7.07306
Fuyang,1768947,31,CN,115.81667,32.9
Conakry,1767200,13,GN,-13.67729,9.53795
Montréal,1762949,216,CA,-73.58781,45.50884
Bayan Nur,1760000,1050,CN,107.38599,40.74143
Maracay,1754256,443,VE,-67.59113,10.23535
Chaozhou,1750945,23,CN,116.62262,23.65396
Rawalpindi,1743101,501,PK,73.0479,33.59733
Minsk,1742124,222,BY,27.56667,53.9
Budapest,1741041,104,HU,19.04045,47.49835
Mosul,1739800,228,IQ,43.11889,36.335
Qingyuan,1738424,11,CN,113.03333,23.7
Tai’an,1735425,143,CN,117.12,36.18528
Curitiba,1718421,924,BR,-49.27306,-25.42778
Johor Bahru,1711191,32,MY,103.7578,1.4655
Warsaw,1702139,113,PL,21.01178,52.22977
Soweto,1695047,1632,ZA,27.85849,-26.26781
Puebla,1692181,2143,MX,-98.20346,19.03793
Vienna,1691468,171,AT,16.37208,48.20849
Kallakurichi,1682687,124,IN,78.95925,11.73379
Xining,1677177,2275,CN,101.75739,36.62554
Changshu,1677050,9,CN,120.74221,31.64615
Palembang,1668848,5,ID,104.7458,-2.91673
Huainan,1666826,47,CN,116.99694,32.62639
Rabat,1655753,46,MA,-6.83255,34.01325
Ecatepec de Morelos,1655015,2306,MX,-99.06064,19.60492
Semarang,1653524,18,ID,110.42083,-6.99306
Suzhou,1647642,34,CN,116.97889,33.63611
Lu’an,1644344,81,CN,116.51688,31.73561
Barcelona,1620343,15,ES,2.15899,41.38879
Valencia,1619470,457,VE,-68.00765,10.16202
Pretoria,1619438,1332,ZA,28.18783,-25.74486
Yancheng,1615717,3,CN,120.1573,33.3575
Novosibirsk,1612833,164,RU,82.9346,55.0415
Phoenix,1608139,331,US,-112.07404,33.44838
Taizhou,1607108,10,CN,119.90812,32.49069
Daqing,1604027,146,CN,125,46.58333
Philadelphia,1603797,12,US,-75.16362,39.95238
Fukuoka,1603543,3,JP,130.41667,33.6
Aleppo,1602264,401,SY,37.16117,36.20124
Manila,1600000,13,PH,120.9822,14.6042
Patna,1599920,53,IN,85.13563,25.59408
Bhopāl,1599914,523,IN,77.40289,23.25469
Manaus,1598210,20,BR,-60.025,-3.10194
Wuhu,1598165,19,CN,118.37351,31.33728
Santiago de Querétaro,1594212,1826,MX,-100.38806,20.58806
Dazhou,1589435,292,CN,107.46308,31.2106
Yangzhou,1584237,14,CN,119.43583,32.39722
Kaduna,1582102,626,NG,7.43879,10.52641
Mecca,1578722,333,SA,39.82563,21.42664
Phnom Penh,1573544,20,KH,104.91601,11.56245
Guilin,1572300,141,CN,110.29639,25.28022
Damascus,1569394,701,SY,36.29128,33.5102
Zhaoqing,1553109,16,CN,112.46091,23.04893
Onitsha,1553000,57,NG,6.78569,6.14978
Mianyang,1550000,471,CN,104.68168,31.46784
Isfahan,1547164,1578,IR,51.67462,32.65246
Ludhiāna,1545368,256,IN,75.85379,30.91204
Harare,1542813,1494,ZW,31.05337,-17.82772
Putian,1539389,23,CN,119.01028,25.43944
Shangqiu,1536392,51,CN,115.65,34.45
Kawasaki,1531646,1,JP,139.71722,35.52056
Kobe,1522188,35,JP,135.183,34.6913
Kaohsiung,1519711,9,TW,120.31333,22.61626
Stockholm,1515017,17,SE,18.06871,59.32938
Caloocan City,1500000,6,PH,120.96788,14.64953
Guadalajara,1495182,1598,MX,-103.39182,20.66682
Yekaterinburg,1495066,255,RU,60.6122,56.8519
Gwangju,1490092,47,KR,126.91556,35.15472
Yinchuan,1487579,1117,CN,106.27306,38.46806
Manhattan,1487536,35,US,-73.96625,40.78343
Taizhou,1485502,15,CN,121.43312,28.66266
Asunción,1482200,113,PY,-57.647,-25.28646
Yiwu,1481384,84,CN,120.07676,29.31506
Recife,1478098,8,BR,-34.88111,-8.05389
Daejeon,1469543,58,KR,127.38493,36.34913
Quanzhou,1469157,14,CN,118.58583,24.91389
Kumasi,1468609,270,GH,-1.62443,6.68848
Madurai,1465625,139,IN,78.11953,9.919
Jinhua,1463990,55,CN,119.64421,29.10678
Kyoto,1463723,50,JP,135.75385,35.02107
Kota Bharu,1459994,10,MY,102.24333,6.12361
Cixi,1457510,11,CN,121.2457,30.1764
Changde,1457419,38,CN,111.69844,29.03205
Kuala Lumpur,1453975,56,MY,101.68653,3.1412
Kaifeng,1451741,76,CN,114.30742,34.7986
Anshan,1450000,55,CN,122.99,41.12361
Karaj,1448075,1341,IR,50.99155,35.83266
Kathmandu,1442271,1317,NP,85.3206,27.70169
Baoji,1437802,567,CN,107.23705,34.36775
Suqian,1437685,23,CN,118.29583,33.94917
Multan,1437230,126,PK,71.47824,30.19679
Liuzhou,1436599,102,CN,109.40698,24.32405
Tirunelveli,1435844,49,IN,77.6838,8.72742
San Antonio,1434625,198,US,-98.49363,29.42412
Zhangjiagang,1432044,13,CN,120.53889,31.865
Kharkiv,1430885,113,UA,36.25272,49.98081
Agra,1430055,166,IN,78.01667,27.18333
Córdoba,1428214,395,AR,-64.18105,-31.4135
Tabriz,1424641,1396,IR,46.2919,38.08
Makassar,1423877,6,ID,119.43194,-5.14861
Jinjiang,1416151,33,CN,118.57415,24.81978
Bursa,1412701,155,TR,29.06013,40.19559
Bozhou,1409436,40,CN,115.77028,33.87722
Qujing,1408500,1887,CN,103.78333,25.48333
Belém,1407737,15,BR,-48.50444,-1.45583
Zhanjiang,1400709,16,CN,110.38749,21.23391
Fushun,1400646,85,CN,123.94363,41.88669
San Diego,1394928,20,US,-117.16472,32.71571
Antananarivo,1391433,1274,MG,47.53613,-18.91368
Rājkot,1390640,140,IN,70.79322,22.29161
Luoyang,1390581,149,CN,112.45361,34.68361
Hyderabad,1386330,40,PK,68.37366,25.39242
The Bronx,1385108,23,US,-73.86641,40.84985
Gujranwala,1384471,230,PK,74.18705,32.15567
Guankou,1380000,79,CN,113.62709,28.15861
Lubumbashi,1373770,1260,CD,27.47938,-11.66089
Porto Alegre,1372741,46,BR,-51.23019,-30.03283
Milan,1371498,122,IT,9.18951,45.46427
South Tangerang,1365688,39,ID,106.71789,-6.28862
Najafgarh,1365000,215,IN,76.97982,28.60922
Handan,1358318,61,CN,114.48764,36.60999
Kampala,1353189,1223,UG,32.58219,0.31628
Yichang,1350150,63,CN,111.28472,30.71444
Heze,1346717,53,CN,115.47358,35.23929
Khulna,1342339,8,BD,89.56439,22.80979
Jamshedpur,1339438,171,IN,86.18545,22.80278
Douala,1338082,19,CM,9.70428,4.04827
Saitama,1324854,16,JP,139.65657,35.90807
Gorakhpur,1324570,218,IN,75.67206,29.44768
Sharjah,1324473,6,AE,55.41206,25.33737
Ciudad Juárez,1321004,1124,MX,-106.46084,31.72024
Liupanshui,1320825,1799,CN,104.83333,26.59444
Maoming,1307802,31,CN,110.91364,21.66625
Tijuana,1300983,97,MX,-117.00371,32.5027
Dallas,1300092,128,US,-96.80667,32.78306
Medina,1300000,603,SA,39.61417,24.46861
Callao,1300000,27,PE,-77.11814,-12.05659
Yaoundé,1299369,726,CM,11.51667,3.86667
Bamako,1297281,338,ML,-8,12.65
Qinzhou,1296300,12,CN,108.65061,21.98247
Luohe,1294974,62,CN,114.04272,33.56394
Xiangyang,1294733,71,CN,112.14479,32.0422
Yangjiang,1292987,15,CN,111.96272,21.85563
Nashik,1289497,584,IN,73.79096,19.99727
Yixing,1285785,8,CN,119.82016,31.36059
Brazzaville,1284609,284,CG,15.28318,-4.26613
Pimpri,1284606,571,IN,73.80696,18.62292
Amman,1275857,757,JO,35.94503,31.95522
Budta,1273715,4,PH,124.43972,7.20417
Belgrade,1273651,120,RS,20.46513,44.80401
Montevideo,1270737,34,UY,-56.18816,-34.90328
Lusaka,1267440,1277,ZM,28.28713,-15.40669
Xuchang,1265536,71,CN,113.86299,34.03189
Kalyān,1262255,10,IN,73.13554,19.2437
Zigong,1262064,306,CN,104.77689,29.34162
Thāne,1261517,23,IN,72.96355,19.19704
Munich,1260391,524,DE,11.57549,48.13743
Nizhniy Novgorod,1259013,141,RU,44.00205,56.32867
Xuzhou,1253991,35,CN,117.28386,34.20442
Dammam,1252523,10,SA,50.10326,26.43442
Ra’s Bayrūt,1251739,35,LB,35.48333,33.9
Neijiang,1251095,349,CN,105.06216,29.58354
Shiraz,1249942,1545,IR,52.53113,29.61031
Yiyang,1249807,25,CN,112.32833,28.58917
Adana,1248988,30,TR,35.32531,36.98615
Kazan,1243500,61,RU,49.12214,55.78874
Suwon,1241311,58,KR,127.00889,37.29111
Jining,1241012,43,CN,116.58139,35.405
Shubrā al Khaymah,1240289,26,EG,31.25053,30.12511
León de los Aldama,1238962,1806,MX,-101.67374,21.12908
Abuja,1235880,476,NG,7.49508,9.05785
Port-au-Prince,1234742,27,HT,-72.33881,18.54349
Xinyang,1230042,89,CN,114.06556,32.12278
Liaocheng,1229768,32,CN,116.00247,36.45064
Jinzhong,1226617,821,CN,112.75471,37.68403
Adelaide,1225235,59,AU,138.59863,-34.92866
Meerut,1223184,228,IN,77.70636,28.98002
Nowrangapur,1220946,578,IN,82.54826,19.23114
Faridabad,1220229,209,IN,77.31316,28.41124
Peshawar,1218773,340,PK,71.57849,34.008
Changzhi,1214940,937,CN,113.10528,36.18389
Tianshui,1212791,1153,CN,105.74238,34.57952
Mombasa,1208333,20,KE,39.66359,-4.05466
Mandalay,1208099,83,MM,96.08359,21.97473
Barranquilla,1206319,24,CO,-74.78132,10.96854
Chelyabinsk,1202371,219,RU,61.42915,55.15402
Mérida,1201000,14,MX,-89.61696,20.97537
Santiago de los Caballeros,1200000,199,DO,-70.69703,19.4517
Shymkent,1200000,513,KZ,69.6,42.3
Omdurman,1200000,391,SD,32.47773,15.64453
Hiroshima,1199391,16,JP,132.45,34.4
Weinan,1199290,354,CN,109.50891,34.50355
Ghāziābād,1199191,214,IN,77.43915,28.66535
Dhanbad,1196214,247,IN,86.42992,23.79759
Dombivli,1193000,11,IN,73.08333,19.21667
Maputo,1191613,70,MZ,32.58322,-25.96553
Gustavo Adolfo Madero,1185772,2284,MX,-99.11075,19.49392
Jiaxing,1180000,8,CN,120.75,30.7522
Rosario,1173533,38,AR,-60.63932,-32.94682
Omsk,1172070,90,RU,73.36859,54.99244
Goiânia,1171195,766,BR,-49.25389,-16.67861
Guarulhos,1169577,774,BR,-46.53333,-23.46278
Bandar Lampung,1166066,95,ID,105.26111,-5.42917
Prague,1165581,202,CZ,14.42076,50.08804
Varanasi,1164404,86,IN,83.01041,25.31668
Batam,1164352,38,ID,104.02491,1.14937
Jiujiang,1164268,41,CN,116.00206,29.70475
Samara,1163399,117,RU,50.15,53.20007
Copenhagen,1153615,14,DK,12.56553,55.67594
Sofia,1152556,562,BG,23.32415,42.69751
Tripoli,1150989,15,LY,13.18733,32.88743
Anyang,1146839,70,CN,114.38278,36.096
Zapopan,1142483,1568,MX,-103.38479,20.72356
Birmingham,1141816,149,GB,-1.89983,52.48142
Bijie,1137383,1471,CN,105.28627,27.30193
Monterrey,1135512,543,MX,-100.31847,25.67507
Kigali,1132686,1542,RW,30.05885,-1.94995
Rostov-na-Donu,1130305,74,RU,39.72328,47.23135
Zhuzhou,1129687,54,CN,113.15,27.83333
Malingao,1121974,5,PH,124.475,7.16083
Ufa,1120547,158,RU,55.96779,54.74306
Ranchi,1120374,643,IN,85.3094,23.34316
Baku,1116513,-23,AZ,49.89201,40.37767
Shangrao,1116486,84,CN,117.94287,28.45179
Barquisimeto,1114097,606,VE,-69.35703,10.0647
Huaibei,1113321,51,CN,116.79167,33.97444
Meishan,1107742,423,CN,103.83696,30.04392
Ciudad Nezahualcoyotl,1104585,2235,MX,-99.01483,19.40061
Bogor,1099422,245,ID,106.78917,-6.59444
Sendai,1096704,53,JP,140.86667,38.26667
Yerevan,1093485,994,AM,44.51361,40.18111
Amritsar,1092450,244,IN,74.87534,31.62234
Krasnoyarsk,1090811,140,RU,92.86717,56.01839
Fuzhou,1089888,53,CN,116.33333,27.95999
Ouagadougou,1086505,299,BF,-1.53388,12.36566
Guigang,1086327,40,CN,109.59472,23.11603
Hengyang,1075516,66,CN,112.61888,26.88946
Allahābād,1073438,99,IN,81.84322,25.44478
Goyang-si,1073069,19,KR,126.835,37.65639
Gaziantep,1065975,842,TR,37.3825,37.05944
Visakhapatnam,1063178,24,IN,83.20161,17.68009
Yulin,1056743,87,CN,110.14686,22.6305
Jingzhou,1052282,39,CN,112.19028,30.35028
Tbilisi,1049498,491,GE,44.83368,41.69411
Voronezh,1047549,156,RU,39.1843,51.67204
Xinxiang,1047088,82,CN,113.80151,35.19033
Yichun,1045952,99,CN,114.4,27.83333
Taichung,1040725,91,TW,120.6839,24.1469
Teni,1034724,300,IN,77.47772,10.01115
Xianyang,1034081,387,CN,108.70261,34.33778
Mexicali,1032686,4,MX,-115.45446,32.62781
Matola,1032197,42,MZ,32.45889,-25.96222
Seongnam-si,1031935,80,KR,127.13778,37.43861
Campinas,1031554,686,BR,-47.06083,-22.90556
Sanya,1031396,11,CN,109.505,18.24306
Jabalpur,1030168,416,IN,79.95006,23.16697
Shaoguan,1028460,69,CN,113.58333,24.8
Hāora,1027672,8,IN,88.31857,22.57688
San Jose,1026908,26,US,-121.89496,37.33939
Longyan,1025087,318,CN,117.01775,25.07485
Donetsk,1024700,223,UA,37.80224,48.023
Dublin,1024027,17,IE,-6.24889,53.33306
Tiruchirappalli,1022518,79,IN,78.69651,10.8155
Yongzhou,1020715,101,CN,111.61306,26.42389
Calgary,1019942,1048,CA,-114.08529,51.05011
Brussels,1019022,28,BE,4.34878,50.85045
Aurangabad,1016441,588,IN,75.34226,19.87757
Huzhou,1015937,6,CN,120.0933,30.8703
Volgograd,1013533,65,RU,44.50183,48.71939
Odesa,1013159,50,UA,30.74383,46.48572
Edmonton,1010899,668,CA,-113.46871,53.55014
Wuwei,1010295,1542,CN,102.63202,37.92672
Arequipa,1008290,2355,PE,-71.535,-16.39889
Hanzhong,1006557,517,CN,107.02214,33.07507
Hezhou,1005490,106,CN,111.56675,24.40357
Nova Iguaçu,1002118,36,BR,-43.45111,-22.75917
Zhu Cheng City,1000000,67,CN,119.40259,35.99502
Shivaji Nagar,1000000,1000,IN,73.85263,18.53017
Dongying,998968,6,CN,118.49165,37.46271
Luzhou,998900,256,CN,105.42575,28.8903
Dnipro,998103,120,UA,35.04066,48.46664
Solāpur,997281,473,IN,75.91044,17.67152
Guatemala City,994938,1508,GT,-90.51327,14.64072
Meizhou,992351,84,CN,116.11768,24.28859
Yueyang,991465,43,CN,113.09481,29.37455
Laiwu,989535,182,CN,117.65694,36.19278
Da Nang,988561,11,VN,108.22083,16.06778
Benxi,987717,212,CN,123.765,41.28861
Pekanbaru,983356,19,ID,101.44167,0.51667
Perm,982419,149,RU,56.25017,58.01046
Chiba,979768,5,JP,140.11667,35.6
Pingdingshan,979130,88,CN,113.30119,33.73847
Srinagar,975857,1589,IN,74.80555,34.08565
Zaria,975153,644,NG,7.7227,11.11128
Managua,973087,108,NI,-86.2504,12.13282
Bengbu,972784,31,CN,117.36083,32.94083
Port Elizabeth,967677,61,ZA,25.61494,-33.96109
Fès,964891,406,MA,-5.00028,34.03313
Cebu City,964169,37,PH,123.89071,10.31672
Köln,963395,58,DE,6.95,50.93333
Tiruppur,963173,305,IN,77.35456,11.11541
Ulsan,962865,10,KR,129.31667,35.53722
Chandīgarh,960787,351,IN,76.7884,30.73629
Naples,959470,17,IT,14.26811,40.85216
Xiangtan,959303,31,CN,112.9,27.85
Linfen,959198,451,CN,111.51889,36.08889
Victoria,956800,31,HK,114.14417,22.2875
Maceió,954991,11,BR,-35.73528,-9.66583
Zhenjiang,950516,26,CN,119.45508,32.21086
Ciudad Guayana,950052,103,VE,-62.64102,8.35122
Jacksonville,949611,5,US,-81.65565,30.33218
Sulţānah,946697,597,SA,39.58572,24.49258
Kitakyushu,940978,57,JP,130.85034,33.85181
Monrovia,939524,32,LR,-10.7969,6.30054
Kingston,937700,65,JM,-76.79358,17.99702
Baoshan,935618,1680,CN,99.16366,25.11626
Erbil,932800,412,IQ,44.01193,36.18333
Austin,931830,149,US,-97.74306,30.26715
Rui’an,927383,4,CN,120.65859,27.77605
Chihuahua,925762,1437,MX,-106.08889,28.63528
Nay Pyi Taw,925000,122,MM,96.12972,19.745
Jodhpur,921476,237,IN,73.00594,26.26841
Trujillo,919899,31,PE,-79.02998,-8.11599
Fort Worth,918915,199,US,-97.32085,32.72541
Salem,917414,283,IN,78.15538,11.65376
São Luís,917237,29,BR,-44.30278,-2.52972
Cartagena,914552,34,CO,-75.51444,10.39972
Laibin,910282,72,CN,109.22222,23.74743
Padang,909040,6,ID,100.35427,-0.94924
Xiaogan,908266,35,CN,113.92221,30.92689
Columbus,905748,235,US,-82.99879,39.96118
Ziyang,905729,365,CN,104.64811,30.12108
Sale,903485,34,MA,-6.79846,34.0531
Quzhou,902767,77,CN,118.86861,28.95944
Petaling Jaya,902086,45,MY,101.60671,3.10726
Abobo,900000,105,CI,-4.0159,5.41613
Bishkek,900000,767,KG,74.59,42.87
Abū Ghurayb,900000,42,IQ,44.18477,33.30563
Qom,900000,935,IR,50.8764,34.6401
Zaozhuang,899753,79,CN,117.55417,34.86472
Krasnodar,899541,28,RU,38.97603,45.04484
Guwahati,899094,59,IN,91.7458,26.1844
Aba,897560,64,NG,7.36667,5.10658
Pingxiang,893550,167,CN,113.85353,27.61672
Indianapolis,887642,218,US,-86.15804,39.76838
Zhoushan,882932,2,CN,122.20488,29.98869
Gwalior,882458,220,IN,78.17337,26.22983
Qiqihar,882364,146,CN,123.96154,47.33922
Klang,879867,5,MY,101.44333,3.03667
Mendoza,876884,746,AR,-68.82717,-32.89084
Konya,875530,1030,TR,32.48464,37.87135
Puning,874954,12,CN,116.16869,23.31072
Mbuji-Mayi,874761,621,CD,23.58979,-6.13603
Vijayawada,874587,47,IN,80.6466,16.50745
Charlotte,874579,229,US,-80.84313,35.22709
Pikine,874062,17,SN,-17.39071,14.76457
Bhiwandi,874032,9,IN,73.05881,19.30023
Marseille,870731,28,FR,5.38107,43.29695
Ankang,870126,273,CN,109.01722,32.68
Mysore,868313,757,IN,76.63925,12.29791
Langfang,868066,18,CN,116.69472,39.50972
Jiaozuo,865413,138,CN,113.23306,35.23972
San Francisco,864816,16,US,-122.41942,37.77493
Liverpool,864122,30,GB,-2.97794,53.41058
Rohini,860000,216,IN,77.06778,28.74322
Wanxian,859662,232,CN,108.37407,30.81601
Guang’an,858159,244,CN,106.63696,30.47413
Tegucigalpa,850848,944,HN,-87.20681,14.0818
Bucheon-si,850731,14,KR,126.78306,37.49889
Turin,847287,239,IT,7.68682,45.07049
Cheongju-si,846291,49,KR,127.48972,36.63722
Saratov,844858,72,RU,46.00861,51.54056
Ulan Bator,844818,1284,MN,106.88324,47.90771
Weihai,844310,14,CN,122.11356,37.50914
Takeo,843931,12,KH,104.78498,10.99081
Malang,843810,452,ID,112.6304,-7.9797
Haiphong,841520,12,VN,106.68345,20.86481
Cochabamba,841276,2577,BO,-66.1568,-17.3895
Ahvaz,841145,23,IR,48.6842,31.31901
Hubli,840214,627,IN,75.13378,15.34776
Zhabei,840000,10,CN,121.45972,31.25861
Ipoh,840000,45,MY,101.0829,4.5841
Xinyu,839488,68,CN,114.93335,27.80429
Marrakesh,839296,457,MA,-7.99994,31.63416
Yibin,836340,323,CN,104.63994,28.7593
Denpasar,834881,33,ID,115.21667,-8.65
Kampung Baru Subang,833571,27,MY,101.53333,3.15
Samarinda,831460,24,ID,117.14583,-0.49167
Taicang,831113,4,CN,121.09389,31.44778
Biên Hòa,830829,6,VN,106.82432,10.94469
Chenzhou,822534,180,CN,113.03333,25.8
Duque de Caxias,818329,15,BR,-43.31167,-22.78556
Jos,816824,1186,NG,8.89212,9.92849
Ilorin,814192,320,NG,4.54214,8.49664
Ottawa,812129,71,CA,-75.69812,45.41117
Cần Thơ,812088,3,VN,105.78825,10.03711
Culiacán,808416,95,MX,-107.38782,24.79032
Benghazi,807250,3,LY,20.06859,32.11486
Anqing,804493,19,CN,117.04723,30.51365
Freetown,802639,38,SL,-13.2356,8.48714
San Pedro Sula,801259,92,HN,-88.025,15.50417
Jerusalem,801000,786,IL,35.21633,31.76904
Narela,800000,219,IN,77.09288,28.85267
Xingtai,798770,76,CN,114.49417,37.06306
Niigata,797591,-2,JP,139.00589,37.88637
Muscat,797000,14,OM,58.40778,23.58413
Zarqa,792665,625,JO,36.08796,32.07275
Naucalpan de Juárez,792211,2300,MX,-99.23963,19.47851
Çankaya,792189,850,TR,32.86268,39.9179
Hamamatsu,791707,3,JP,137.73333,34.7
Valencia,789744,15,ES,-0.37739,39.46975
Rahim Yar Khan,788915,85,PK,70.30345,28.41987
Pasragad Branch,787878,1000,IR,48.47168,34.77772
Zhaotong,787845,1974,CN,103.71667,27.31667
Panzhihua,787177,1101,CN,101.71276,26.58509
Boumerdas,786499,5,DZ,3.47717,36.76639
Jalandhar,785178,243,IN,75.57917,31.32556
Thiruvananthapuram,784153,18,IN,76.94924,8.4855
Chuzhou,782671,24,CN,118.29778,32.32194
Sakai,782339,7,JP,135.46667,34.58333
San Miguel de Tucumán,781023,452,AR,-65.2226,-26.82414
Port Said,780515,16,EG,32.3019,31.26531
Cotonou,780000,7,BJ,2.41833,6.36536
Cúcuta,777106,309,CO,-72.50782,7.89391
Homs,775404,513,SY,36.72339,34.72682
Xuanzhou,774332,25,CN,118.75528,30.9525
Niamey,774235,206,NE,2.1098,13.51366
Tainan,771235,26,TW,120.21333,22.99083
Shangyu,770000,13,CN,120.87111,30.01556
Łódź,768755,214,PL,19.47395,51.77058
Tyumen,768358,81,RU,65.52722,57.15222
Kahrīz,766706,1302,IR,47.0553,34.3838
Anshun,765313,1374,CN,105.93333,26.25
Rājshāhi,763580,23,BD,88.60114,24.374
Kota,763088,267,IN,75.83907,25.18254
Natal,763043,32,BR,-35.20944,-5.795
Bhubaneshwar,762243,62,IN,85.83385,20.27241
Wuzhou,761948,51,CN,111.28848,23.48054
Qinhuangdao,759718,6,CN,119.58833,39.93167
Maiduguri,758700,325,NG,13.15712,11.84692
Antalya,758188,61,TR,30.69556,36.90812
Kraków,755050,219,PL,19.93658,50.06143
Alīgarh,753207,189,IN,78.07464,27.88145
Shaoyang,753194,243,CN,111.46214,27.23818
Pietermaritzburg,750845,636,ZA,30.39278,-29.61679
Lomé,749700,13,TG,1.22154,6.12874
Winnipeg,749607,245,CA,-97.14704,49.8844
Bağcılar,749024,105,TR,28.85671,41.03903
Bareilly,745435,178,IN,79.43167,28.36678
Buraydah,745353,606,SA,43.97497,26.32599
Teresina,744512,87,BR,-42.80194,-5.08917
São Bernardo do Campo,743372,796,BR,-46.565,-23.69389
Hegang,743307,190,CN,130.29033,47.34727
Morelia,743275,1917,MX,-101.18443,19.70078
Nampula,743125,431,MZ,39.2666,-15.11646
Riga,742572,6,LV,24.10589,56.946
Amsterdam,741636,13,NL,4.88969,52.37403
Ma’anshan,741531,24,CN,118.51008,31.68579
Shah Alam,740750,53,MY,101.53281,3.08507
Kumamoto,738907,9,JP,130.69181,32.80589
Zaporizhzhya,738728,105,UA,35.11714,47.85167
Seattle,737015,56,US,-122.33207,47.60621
Oyo,736072,286,NG,3.93235,7.85367
Deyang,735070,501,CN,104.38198,31.13019
Quetta,733675,1683,PK,67.00141,30.18414
Yangquan,731228,722,CN,113.56333,37.8575
Campo Grande,729151,592,BR,-54.64639,-20.44278
Ashgabat,727700,219,TM,58.38333,37.95
Álvaro Obregón,726664,2338,MX,-99.20329,19.35867
Muzaffarābād,725000,739,PK,73.47082,34.37002
Wanzhou,723215,205,CN,108.39586,30.76451
As Sulaymānīyah,723170,847,IQ,45.4329,35.56496
San Luis Potosí,722772,1875,MX,-100.97916,22.14982
Aguascalientes,722250,1882,MX,-102.28259,21.88234
Zhumadian,721670,89,CN,114.02944,32.97944
Morādābād,721139,205,IN,78.77684,28.83893
N'Djamena,721081,299,TD,15.0444,12.10672
Okayama,720841,5,JP,133.93333,34.65
Lviv,717803,284,UA,24.02324,49.83826
Ansan-si,716785,15,KR,126.82194,37.32361
Denver,715522,1609,US,-104.9847,39.73915
Hermosillo,715061,212,MX,-110.97732,29.1026
Saltillo,709671,1592,MX,-101.0053,25.42321
Subang Jaya,708296,41,MY,101.58062,3.04384
Tolyatti,702879,42,RU,49.3461,53.5303
Jaboatão,702621,88,BR,-35.00139,-8.18028
Santo Domingo Oeste,701269,58,DO,-70,18.5
Battagram,700000,1031,PK,73.02329,34.67719
Santo Domingo Este,700000,46,DO,-69.85707,18.48847
Suez,699541,11,EG,32.52627,29.97371
Changzhi,699514,381,CN,111.73861,35.20889
Bulawayo,699385,1348,ZW,28.58333,-20.15
Zagreb,698966,135,HR,15.97798,45.81444
Agadir,698310,31,MA,-9.59815,30.42018
Sarajevo,696731,509,BA,18.35644,43.84864
La Plata,694167,27,AR,-57.95453,-34.92145
Bauchi,693700,623,NG,9.84388,10.31032
Tunis,693210,23,TN,10.16579,36.81897
Zhangjiakou,692602,744,CN,114.87139,40.78341
Serang,692101,29,ID,106.15417,-6.11528
Shizuoka,690881,23,JP,138.38333,34.98333
Paranaque City,689992,22,PH,121.01749,14.48156
Washington,689545,7,US,-77.03637,38.89511
Nashville,689447,170,US,-86.78444,36.16589
Fuxin,689050,142,CN,121.65889,42.01556
Enugu,688862,192,NG,7.49883,6.44132
Ta’if,688693,1672,SA,40.41583,21.27028
Tangier,688356,20,MA,-5.79975,35.76727
Huangshi,688090,22,CN,115.04814,30.24706
Liaoyang,687890,33,CN,123.17306,41.27194
Baise,686078,144,CN,106.62684,23.89013
Sheffield,685368,75,GB,-1.4659,53.38297
Sevilla,684234,16,ES,-5.97317,37.38283
Binzhou,682717,14,CN,118.01667,37.36667
El Paso,681124,1133,US,-106.48693,31.75872
Oklahoma City,681054,366,US,-97.51643,35.46756
Yuncheng,680036,361,CN,110.99278,35.02306
Raipur,679995,296,IN,81.63333,21.23333
General Santos,679588,22,PH,125.17167,6.11278
Dezhou,679535,25,CN,116.36706,37.44661
Dushanbe,679400,767,TJ,68.77905,38.53575
Osasco,677856,750,BR,-46.79167,-23.5325
Detroit,677116,183,US,-83.04575,42.33143
Boston,675647,14,US,-71.05977,42.35843
Zaragoza,675301,214,ES,-0.87734,41.65606
Gorakhpur,674246,83,IN,83.36889,26.76628
Guadalupe,673616,497,MX,-100.25646,25.67678
Acapulco de Juárez,673479,16,MX,-99.90891,16.84942
Sanmenxia,669307,348,CN,111.18139,34.77472
E’zhou,668727,29,CN,114.88655,30.39607
Mississauga,668549,159,CA,-79.6583,43.5789
Madīnat an Naşr,668413,47,EG,31.3,30.06667
Tabuk,667000,768,SA,36.57151,28.3998
Cheonan,666417,40,KR,127.1522,36.8065
Mudanjiang,665915,254,CN,129.62594,44.54804
Athens,664046,70,GR,23.72784,37.98376
Leshan,662814,375,CN,103.76386,29.56227
Santo André,662373,801,BR,-46.53833,-23.66389
Rizhao,661943,25,CN,119.52908,35.41414
Nouakchott,661400,10,MR,-15.9785,18.08581
Pointe-Noire,659084,12,CG,11.86352,-4.77609
Pontianak,658685,2,ID,109.325,-0.03194
Banjarmasin,657663,8,ID,114.59075,-3.31987
Puducherry,657209,11,IN,79.82979,11.93381
Suining,656760,291,CN,105.57332,30.50802
Puyang,655674,56,CN,115.01721,35.76318
Tlalnepantla,653410,2260,MX,-99.19538,19.54005
Portland,652503,12,US,-122.67621,45.52345
Jeonju,652392,44,KR,127.14889,35.82194
João Pessoa,650883,45,BR,-34.86306,-7.115
Frankfurt am Main,650000,113,DE,8.68417,50.11552
Macau,649335,22,MO,113.54611,22.20056
Palermo,648260,14,IT,13.33561,38.13205
Izhevsk,648213,166,RU,53.20448,56.84976
Colombo,648034,7,LK,79.84868,6.93548
Lilongwe,646750,1056,MW,33.78725,-13.96692
Oran,645984,118,DZ,-0.63588,35.69906
Diyarbakır,644763,674,TR,40.21721,37.91363
Honchō,644668,11,JP,139.98648,35.70129
Taguig,644473,5,PH,121.0792,14.5243
New South Memphis,641608,79,US,-90.05676,35.08676
Hwaseong-si,640890,19,KR,126.8169,37.20682
Gold Coast,640778,12,AU,153.43088,-28.00029
Kotli,640000,609,PK,73.9022,33.51836
Al Aḩmadī,637411,70,KW,48.08389,29.07694
Cuenca,636996,2543,EC,-79.00453,-2.90055
Yogyakarta,636660,110,ID,110.36472,-7.80139
Chisinau,635994,55,MD,28.8575,47.00556
Wrocław,634893,119,PL,17.03333,51.1
Hebi,634721,138,CN,114.1925,35.89917
Tébessa,634332,867,DZ,8.12417,35.40417
Memphis,633104,78,US,-90.04898,35.14953
Jingmen,632954,94,CN,112.20472,31.03361
Barnaul,632372,189,RU,83.76361,53.36056
Dandong,631973,10,CN,124.39472,40.12917
Stuttgart,630305,252,DE,9.17702,48.78232
Jaboatão dos Guararapes,630008,48,BR,-35.01472,-8.11278
Cancún,628306,11,MX,-86.84656,21.17429
Contagem,627123,945,BR,-44.05361,-19.93167
Ulyanovsk,626540,176,RU,48.38657,54.32824
Bhilai,625138,307,IN,81.4285,21.20919
Panshan,625040,9,CN,122.04944,41.18806
Kryvyy Rih,624579,84,UA,33.39404,47.90572
Djibouti,623891,6,DJ,43.14503,11.58901
Irkutsk,623869,428,RU,104.29639,52.29778
Las Vegas,623747,610,US,-115.13722,36.17497
Al Manşūrah,621953,15,EG,31.38069,31.03637
Baltimore,621849,10,US,-76.61219,39.29038
Kermanshah,621100,1392,IR,47.065,34.31417
Düsseldorf,620523,45,DE,6.77616,51.22172
Coyoacán,620416,2255,MX,-99.16174,19.3467
Ribeirão Preto,619746,554,BR,-47.81028,-21.1775
Feira de Santana,619609,223,BR,-38.96667,-12.26667
Jiaozhou,619266,10,CN,120.00333,36.28389
Suizhou,618582,67,CN,113.36306,31.71111
Khabarovsk,618150,76,RU,135.08379,48.48271
Al Ḩudaydah,617871,10,YE,42.95452,14.79781
Pasig City,617301,63,PH,121.0614,14.58691
Bristol,617280,21,GB,-2.59665,51.45523
Chizhou,615274,21,CN,117.47783,30.66134
Taiz,615222,1400,YE,44.02091,13.57952
São José dos Campos,613764,600,BR,-45.88694,-23.17944
Santa María Chimalhuacán,612383,2249,MX,-98.95038,19.42155
Ya'an,612056,591,CN,102.999,29.98521
Borivli,609617,22,IN,72.85976,19.23496
Torreón,608836,1124,MX,-103.41898,25.54389
Yaroslavl,608722,103,RU,39.87368,57.62987
Kawaguchi,607373,6,JP,139.71072,35.80521
Jambi City,606200,21,ID,103.61667,-1.6
Ha'il,605930,1002,SA,41.69073,27.52188
Bhavnagar,605882,24,IN,72.15331,21.76287
Benoni,605344,1641,ZA,28.32078,-26.18848
Vladivostok,604901,40,RU,131.87353,43.10562
Cochin,604696,9,IN,76.26022,9.93988
Jinzhou,604269,26,CN,121.14167,41.10778
Amrāvati,603837,341,IN,77.75,20.93333
Abu Dhabi,603492,6,AE,54.39696,24.45118
Sanming,602166,126,CN,117.61861,26.24861
Islamabad,601600,579,PK,73.04329,33.72148
Kirkuk,601433,346,IQ,44.39222,35.46806
Sāngli,601214,553,IN,74.56417,16.85438
Milwaukee,600155,188,US,-87.90647,43.0389
Vancouver,600000,70,CA,-123.11934,49.24966
Shuangyashan,600000,153,CN,131.13273,46.67686
Situbondo,600000,36,ID,114.00976,-7.70623
Rotterdam,598199,9,NL,4.47917,51.9225
Großzschocher,597493,124,DE,12.32322,51.30147
Kleinzschocher,597493,117,DE,12.31979,51.31568
Luancheng,597130,55,CN,114.65167,37.87917
Makhachkala,596356,4,RU,47.50236,42.97638
Anyang-si,595644,52,KR,126.92694,37.3925
Kagoshima,595049,6,JP,130.55,31.56667
Rasht,594590,4,IR,49.58862,37.27611
Brampton,593638,221,CA,-79.76633,43.68341
Abeokuta,593100,64,NG,3.34509,7.15571
Essen,593085,83,DE,7.01228,51.45657
Kayseri,592840,1054,TR,35.48528,38.73222
Al Maḩallah al Kubrá,592573,17,EG,31.1669,30.97063
Glasgow,591620,40,GB,-4.25763,55.86515
Yingkou,591159,4,CN,122.23176,40.66472
Las Piñas,590000,17,PH,120.98278,14.45056
Zhangzhou,589831,14,CN,117.65556,24.51333
Reynosa,589466,49,MX,-98.28835,26.08061
Thuận An,588616,24,VN,106.71428,10.9239
Dortmund,588462,96,DE,7.466,51.51494
Göteborg,587549,10,SE,11.96679,57.70716
Blantyre,584877,1041,MW,35.00854,-15.78499
New Kingston,583958,99,JM,-76.78319,18.00747
Üsküdar,582666,41,TR,29.01366,41.02274
Bucaramanga,581130,993,CO,-73.1198,7.12539
Genoa,580097,19,IT,8.94439,44.40478
Cuttack,580000,30,IN,85.87927,20.46497
Oslo,580000,26,NO,10.74609,59.91273
Malacca,579000,6,MY,102.2405,2.196
Málaga,578460,22,ES,-4.42034,36.72016
Khabarovsk Vtoroy,578303,59,RU,135.13329,48.43776
Libreville,578156,8,GA,9.45356,0.39241
Kerman,577514,1760,IR,57.07879,30.28321
Orūmīyeh,577307,1350,IR,45.07605,37.55274
Bahçelievler,576799,73,TR,28.8598,41.00231
Ţanţā,576648,18,EG,31.00192,30.78847
Bīkaner,576015,229,IN,73.31495,28.01762
Tlaquepaque,575942,1581,MX,-103.29327,20.64091
Tlalpan,574577,2256,MX,-99.16206,19.29513
Herāt,574300,927,AF,62.19967,34.34817
Tomsk,574002,117,RU,84.97437,56.49771
Umraniye,573265,136,TR,29.12476,41.01643
Shihezi,572772,467,CN,86.03694,44.3023
Kota Kinabalu,572500,5,MY,116.0724,5.9749
South Boston,571281,14,US,-71.04949,42.33343
Poznań,570352,69,PL,16.92993,52.40692
Irbid,569068,570,JO,35.85,32.55556
Cimahi,568400,764,ID,107.5425,-6.87222
Puente Alto,568106,700,CL,-70.57577,-33.61169
Bouaké,567481,339,CI,-5.03031,7.69385
Nyala,565734,661,SD,24.88069,12.04888
Orenburg,564773,107,RU,55.0988,51.7727
Bokāro,564319,209,IN,86.15161,23.66934
Asmara,563930,2334,ER,38.93184,15.33805
Sokoto,563861,296,NG,5.24322,13.06269
Uberlândia,563536,867,BR,-48.27722,-18.91861
Hachiōji,561344,127,JP,139.32389,35.65583
Wenchang,560894,17,CN,110.80279,19.55158
Albuquerque,559121,1511,US,-106.65114,35.08449
Hamhŭng,559056,16,KP,127.53639,39.91833
Kemerovo,558973,135,RU,86.08333,55.33333
Sorocaba,558862,602,BR,-47.45806,-23.50167
Helsinki,558457,26,FI,24.93545,60.16952
Warangal,557802,258,IN,79.58333,18
Dresden,556227,116,DE,13.73832,51.05089
Bloemfontein,556000,1396,ZA,26.214,-29.12107
Santiago de Cuba,555865,46,CU,-75.82667,20.02083
Siping,555609,176,CN,124.37785,43.16143
Mar del Plata,553935,14,AR,-57.5562,-38.00042
Huaihua,552622,236,CN,110.00404,27.56337
Bahawalpur,552607,121,PK,71.6752,29.39779
Chiclayo,552508,35,PE,-79.84088,-6.77137
Zahedan,551980,1380,IR,60.8629,29.4963
Kimhae,550758,13,KR,128.88111,35.23417
Aden,550602,16,YE,45.03667,12.77944
Nanded,550564,363,IN,77.31497,19.16023
Kozhikode,550440,9,IN,75.7804,11.24802
Changwon,550000,27,KR,128.68111,35.22806
Pristina,550000,597,XK,21.16688,42.67272
Jiamusi,549549,66,CN,130.31118,46.79711
Antipolo,549543,23,PH,121.12251,14.62578
Korla,549324,945,CN,86.15231,41.76055
Kuantan,548014,12,MY,103.326,3.8077
Bremen,546501,17,DE,8.80717,53.07582
Wanning,545992,15,CN,110.3841,18.79931
Meknès,545705,531,MA,-5.54727,33.89352
Xinzhou,544683,794,CN,112.73333,38.40917
Banqiao,543342,12,TW,121.46719,25.01427
Sargodha,542603,187,PK,72.67418,32.08586
Bangui,542393,351,CF,18.55496,4.36122
Vilnius,542366,98,LT,25.2798,54.68916
Pingdu,542234,59,CN,119.94639,36.78444
Calamba,539671,16,PH,121.16528,14.21167
Novokuznetsk,539616,208,RU,87.1099,53.7557
Kisangani,539158,400,CD,25.19099,0.51528
Ryazan’,538962,102,RU,39.6916,54.6269
Ji’an,538699,72,CN,114.97927,27.11716
Mersin,537842,10,TR,34.63886,36.81196
Tuxtla,537102,526,MX,-93.11308,16.75973
Raurkela,536450,195,IN,84.86414,22.22496
Warri,536023,6,NG,5.75006,5.51737
Guli,536000,121,CN,120.03308,28.88162
Aksu,535657,1119,CN,80.27921,41.18418
Ebute Ikorodu,535619,4,NG,3.48818,6.60086
Tanggu,535298,6,CN,117.64694,39.02111
Astrakhan,533925,-12,RU,48.04076,46.34968
Beira,533825,6,MZ,34.83889,-19.84361
Québec,531902,54,CA,-71.21454,46.81228
Cuauhtémoc,531831,2237,MX,-99.14612,19.44506
Shangluo,531696,702,CN,109.93056,33.86667
Tucson,531641,759,US,-110.92648,32.22174
Guntur,530577,31,IN,80.45729,16.29974
Ibagué,529635,1229,CO,-75.23222,4.43889
Maturín,529376,71,VE,-63.18323,9.74569
Touba,529176,46,SN,-15.88333,14.85
Asyūţ,528669,56,EG,31.18368,27.18096
Hamadān,528256,1820,IR,48.51456,34.79922
Qionghai,528238,24,CN,110.46417,19.2425
Cangzhou,527681,10,CN,116.86667,38.31667
San Salvador,525990,653,SV,-89.18718,13.68935
Himeji,525682,8,JP,134.7,34.81667
Beihai,525329,-900,CN,109.11549,21.48349
Penza,523553,150,RU,45.00464,53.20066
Mazār-e Sharīf,523300,361,AF,67.11087,36.70904
Kandahār,523300,1007,AF,65.71013,31.61332
Surakarta,522364,100,ID,110.83167,-7.55611
Hengshui,522147,25,CN,115.70111,37.73222
Dehra Dūn,522081,664,IN,78.03392,30.32443
Cuiabá,521934,193,BR,-56.09667,-15.59611
Erode,521891,170,IN,77.72741,11.3428
Bhayandar,520301,9,IN,72.85107,19.30157
Esenler,520235,72,TR,28.87619,41.0435
Fresno,520052,94,US,-119.77237,36.74773
Hamilton,519949,95,CA,-79.84963,43.25011
Al Fayyūm,519047,29,EG,30.8418,29.30995
Durgapur,518872,100,IN,87.30801,23.51583
Victoria de Durango,518709,1884,MX,-104.65756,24.02032
Ajmer,517911,475,IN,74.63867,26.4521
Lisbon,517802,45,PT,-9.13333,38.71667
Ulhasnagar,516584,10,IN,73.15,19.21667
Guangyuan,516424,525,CN,105.823,32.44201
Kolhāpur,516142,559,IN,74.23167,16.69563
Siliguri,515574,124,IN,88.42851,26.71004
Nürnberg,515543,300,DE,11.07752,49.45421
Hannover,515140,57,DE,9.73322,52.37052
Eskişehir,514869,794,TR,30.52056,39.77667
Āzādshahr,514102,1853,IR,48.57011,34.79049
Salta,512686,1183,AR,-65.41166,-24.7859
Xianning,512517,30,CN,114.32201,29.84347
Tembisa,511655,1577,ZA,28.2268,-25.99636
Bilimora,510879,15,IN,72.96134,20.76957
Aparecida de Goiânia,510770,829,BR,-49.24389,-16.82333
Makati City,510383,25,PH,121.03269,14.55027
Tonghua,510000,375,CN,125.92639,41.71972
"Mianzhu, Deyang, Sichuan",510000,599,CN,104.22057,31.33786
Naberezhnyye Chelny,509870,103,RU,52.41122,55.72545
Matsuyama,509835,28,JP,132.76574,33.83916
Lipetsk,509735,158,RU,39.57076,52.60311
Leicester,508916,65,GB,-1.13169,52.6386
Banan,508703,216,CN,106.54,29.37861
Tuen Mun,507900,7,HK,113.97157,22.39175
Zhangye,507433,1481,CN,100.45167,38.93417
Kirov,507155,173,RU,49.66007,58.59665
Kashgar,506640,1297,CN,75.98951,39.47066
Edinburgh,506520,66,GB,-3.19648,55.95206
Barcelona,506016,8,VE,-64.68618,10.13625
Najrān,505652,1310,SA,44.12766,17.49326
Karol Bāgh,505241,231,IN,77.19072,28.65136
Zhoukou,505171,54,CN,114.63333,33.63333
Leipzig,504971,116,DE,12.37129,51.33962
Pingliang,504848,1354,CN,106.68611,35.53917
Kalininskiy,504641,34,RU,30.3899,59.99675
Duisburg,504358,38,DE,6.76516,51.43247